{"name": "root", "children": [{"name": "lib", "children": [{"size": "10871", "name": "nunit.framework.xml", "weight": 0.0, "children": []}]}, {"name": "Craft.Net", "children": [{"size": "2346", "name": "Packets.cs", "weight": 0.0, "children": []}, {"size": "1873", "name": "BigInteger.cs", "weight": 0.0, "children": []}, {"size": "1380", "name": "Cryptography.cs", "weight": 0.0, "children": []}, {"size": "289", "name": "PacketReader.cs", "weight": 0.0, "children": []}, {"size": "237", "name": "MinecraftStream.cs", "weight": 0.0, "children": []}, {"size": "176", "name": "SoundEffect.cs", "weight": 0.0, "children": []}, {"size": "159", "name": "ItemStack.cs", "weight": 0.0, "children": []}, {"size": "102", "name": "AesStream.cs", "weight": 0.0, "children": []}, {"size": "75", "name": "Craft.Net.csproj", "weight": 0.0, "children": []}, {"name": "Metadata", "children": [{"size": "58", "name": "MetadataDictionary.cs", "weight": 0.0, "children": []}, {"size": "41", "name": "MetadataSlot.cs", "weight": 0.0, "children": []}, {"size": "31", "name": "MetadataEntry.cs", "weight": 0.0, "children": []}, {"size": "31", "name": "MetadataString.cs", "weight": 0.0, "children": []}, {"size": "26", "name": "MetadataShort.cs", "weight": 0.0, "children": []}, {"size": "26", "name": "MetadataFloat.cs", "weight": 0.0, "children": []}, {"size": "26", "name": "MetadataInt.cs", "weight": 0.0, "children": []}, {"size": "25", "name": "MetadataByte.cs", "weight": 0.0, "children": []}]}, {"size": "58", "name": "BufferedStream.cs", "weight": 0.0, "children": []}, {"size": "48", "name": "MinecraftStream.Stream.cs", "weight": 0.0, "children": []}, {"name": "Properties", "children": [{"size": "15", "name": "AssemblyInfo.cs", "weight": 0.0, "children": []}]}, {"size": "10", "name": "Difficulty.cs", "weight": 0.0, "children": []}, {"size": "9", "name": "GameMode.cs", "weight": 0.0, "children": []}, {"size": "9", "name": "Dimension.cs", "weight": 0.0, "children": []}]}, {"name": "Craft.Net.Data", "children": [{"name": "Entities", "children": [{"size": "493", "name": "Entity.cs", "weight": 0.0, "children": []}, {"size": "350", "name": "PlayerEntity.cs", "weight": 0.0, "children": []}, {"size": "191", "name": "PaintingEntity.cs", "weight": 0.0, "children": []}, {"size": "140", "name": "ItemFrameEntity.cs", "weight": 0.0, "children": []}, {"size": "86", "name": "LivingEntity.cs", "weight": 0.0, "children": []}, {"size": "76", "name": "ItemEntity.cs", "weight": 0.0, "children": []}, {"size": "47", "name": "BlockEntity.cs", "weight": 0.0, "children": []}, {"size": "13", "name": "IBreedableEntity.cs", "weight": 0.0, "children": []}, {"size": "12", "name": "ITamableEntity.cs", "weight": 0.0, "children": []}, {"size": "12", "name": "ObjectEntity.cs", "weight": 0.0, "children": []}]}, {"size": "420", "name": "Craft.Net.Data.csproj", "weight": 0.0, "children": []}, {"size": "381", "name": "Item.cs", "weight": 0.0, "children": []}, {"size": "312", "name": "Level.cs", "weight": 0.0, "children": []}, {"size": "253", "name": "Vector3.cs", "weight": 0.0, "children": []}, {"size": "253", "name": "Region.cs", "weight": 0.0, "children": []}, {"size": "245", "name": "Block.cs", "weight": 0.0, "children": []}, {"size": "238", "name": "World.cs", "weight": 0.0, "children": []}, {"size": "183", "name": "Chunk.cs", "weight": 0.0, "children": []}, {"size": "176", "name": "SoundEffect.cs", "weight": 0.0, "children": []}, {"size": "150", "name": "MathHelper.cs", "weight": 0.0, "children": []}, {"name": "Blocks", "children": [{"size": "147", "name": "FlowerPotBlock.cs", "weight": 0.0, "children": []}, {"size": "119", "name": "CocoaPlantBlock.cs", "weight": 0.0, "children": []}, {"size": "118", "name": "PumpkinStemBlock.cs", "weight": 0.0, "children": []}, {"size": "109", "name": "MelonStemBlock.cs", "weight": 0.0, "children": []}, {"size": "102", "name": "VineBlock.cs", "weight": 0.0, "children": []}, {"size": "99", "name": "SugarCaneBlock.cs", "weight": 0.0, "children": []}, {"size": "98", "name": "BedBlock.cs", "weight": 0.0, "children": []}, {"size": "90", "name": "DoorBlock.cs", "weight": 0.0, "children": []}, {"size": "88", "name": "PotatoBlock.cs", "weight": 0.0, "children": []}, {"size": "82", "name": "GrassBlock.cs", "weight": 0.0, "children": []}, {"size": "81", "name": "SeedsBlock.cs", "weight": 0.0, "children": []}, {"size": "77", "name": "RedstoneRepeaterBlock.cs", "weight": 0.0, "children": []}, {"size": "77", "name": "CarrotBlock.cs", "weight": 0.0, "children": []}, {"size": "70", "name": "FarmlandBlock.cs", "weight": 0.0, "children": []}, {"size": "68", "name": "LeverBlock.cs", "weight": 0.0, "children": []}, {"size": "67", "name": "CactusBlock.cs", "weight": 0.0, "children": []}, {"size": "61", "name": "LadderBlock.cs", "weight": 0.0, "children": []}, {"size": "59", "name": "WoodBlock.cs", "weight": 0.0, "children": []}, {"size": "59", "name": "TorchBlock.cs", "weight": 0.0, "children": []}, {"size": "58", "name": "RedstoneTorchBlock.cs", "weight": 0.0, "children": []}, {"size": "56", "name": "NetherWartBlock.cs", "weight": 0.0, "children": []}, {"size": "55", "name": "SignBlock.cs", "weight": 0.0, "children": []}, {"size": "53", "name": "RedstoneTorchActiveBlock.cs", "weight": 0.0, "children": []}, {"size": "49", "name": "WoolBlock.cs", "weight": 0.0, "children": []}, {"size": "48", "name": "AnvilBlock.cs", "weight": 0.0, "children": []}, {"size": "48", "name": "WoodenDoorBlock.cs", "weight": 0.0, "children": []}, {"size": "47", "name": "WallSignBlock.cs", "weight": 0.0, "children": []}, {"size": "43", "name": "StairBlock.cs", "weight": 0.0, "children": []}, {"size": "39", "name": "SnowfallBlock.cs", "weight": 0.0, "children": []}, {"size": "39", "name": "SaplingBlock.cs", "weight": 0.0, "children": []}, {"size": "39", "name": "RedstoneOreBlock.cs", "weight": 0.0, "children": []}, {"size": "37", "name": "GravelBlock.cs", "weight": 0.0, "children": []}, {"size": "36", "name": "IronDoorBlock.cs", "weight": 0.0, "children": []}, {"size": "35", "name": "AirBlock.cs", "weight": 0.0, "children": []}, {"size": "32", "name": "TallGrassBlock.cs", "weight": 0.0, "children": []}, {"size": "32", "name": "FurnaceBlock.cs", "weight": 0.0, "children": []}, {"size": "31", "name": "DragonEggBlock.cs", "weight": 0.0, "children": []}, {"size": "30", "name": "StonePressurePlateBlock.cs", "weight": 0.0, "children": []}, {"size": "30", "name": "StoneButtonBlock.cs", "weight": 0.0, "children": []}, {"size": "29", "name": "SignPostBlock.cs", "weight": 0.0, "children": []}, {"size": "28", "name": "StoneBlock.cs", "weight": 0.0, "children": []}, {"size": "28", "name": "RedstoneWireBlock.cs", "weight": 0.0, "children": []}, {"size": "28", "name": "CoalOreBlock.cs", "weight": 0.0, "children": []}, {"size": "27", "name": "IronBlock.cs", "weight": 0.0, "children": []}, {"size": "27", "name": "IronOreBlock.cs", "weight": 0.0, "children": []}, {"size": "27", "name": "SandBlock.cs", "weight": 0.0, "children": []}, {"size": "27", "name": "DispenserBlock.cs", "weight": 0.0, "children": []}, {"size": "26", "name": "RedFlowerBlock.cs", "weight": 0.0, "children": []}, {"size": "26", "name": "DiamondBlock.cs", "weight": 0.0, "children": []}, {"size": "26", "name": "DeadBushBlock.cs", "weight": 0.0, "children": []}, {"size": "26", "name": "RedMushroomBlock.cs", "weight": 0.0, "children": []}, {"size": "26", "name": "EmeraldBlock.cs", "weight": 0.0, "children": []}, {"size": "26", "name": "EmeraldOreBlock.cs", "weight": 0.0, "children": []}, {"size": "26", "name": "DetectorRailBlock.cs", "weight": 0.0, "children": []}, {"size": "26", "name": "GlassBlock.cs", "weight": 0.0, "children": []}, {"size": "24", "name": "ClayBlock.cs", "weight": 0.0, "children": []}, {"size": "24", "name": "PistonBlock.cs", "weight": 0.0, "children": []}, {"size": "24", "name": "GlowstoneBlock.cs", "weight": 0.0, "children": []}, {"size": "24", "name": "StickyPistonBlock.cs", "weight": 0.0, "children": []}, {"size": "24", "name": "BookshelfBlock.cs", "weight": 0.0, "children": []}, {"size": "24", "name": "MelonBlock.cs", "weight": 0.0, "children": []}, {"size": "24", "name": "BirchWoodStairBlock.cs", "weight": 0.0, "children": []}, {"size": "24", "name": "TripwireBlock.cs", "weight": 0.0, "children": []}, {"size": "23", "name": "TripwireHookBlock.cs", "weight": 0.0, "children": []}, {"size": "23", "name": "SilverfishStoneBlock.cs", "weight": 0.0, "children": []}, {"size": "23", "name": "CobwebBlock.cs", "weight": 0.0, "children": []}, {"size": "23", "name": "ObsidianBlock.cs", "weight": 0.0, "children": []}, {"size": "22", "name": "WoodenPressurePlateBlock.cs", "weight": 0.0, "children": []}, {"size": "22", "name": "NetherPortalBlock.cs", "weight": 0.0, "children": []}, {"size": "22", "name": "ChestBlock.cs", "weight": 0.0, "children": []}, {"size": "22", "name": "DirtBlock.cs", "weight": 0.0, "children": []}, {"size": "22", "name": "BeaconBlock.cs", "weight": 0.0, "children": []}, {"size": "22", "name": "IceBlock.cs", "weight": 0.0, "children": []}, {"size": "22", "name": "JackOLanternBlock.cs", "weight": 0.0, "children": []}, {"size": "22", "name": "GlassPaneBlock.cs", "weight": 0.0, "children": []}, {"size": "22", "name": "TrapDoorBlock.cs", "weight": 0.0, "children": []}, {"size": "22", "name": "CraftingTableBlock.cs", "weight": 0.0, "children": []}, {"size": "22", "name": "HugeRedMushroomBlock.cs", "weight": 0.0, "children": []}, {"size": "22", "name": "EnderChestBlock.cs", "weight": 0.0, "children": []}, {"size": "22", "name": "CommandBlock.cs", "weight": 0.0, "children": []}, {"size": "22", "name": "DiamondOreBlock.cs", "weight": 0.0, "children": []}, {"size": "22", "name": "MobSpawnerBlock.cs", "weight": 0.0, "children": []}, {"size": "22", "name": "BrewingStandBlock.cs", "weight": 0.0, "children": []}, {"size": "22", "name": "SkullBlock.cs", "weight": 0.0, "children": []}, {"size": "22", "name": "FireBlock.cs", "weight": 0.0, "children": []}, {"size": "22", "name": "FenceGateBlock.cs", "weight": 0.0, "children": []}, {"size": "22", "name": "HugeBrownMushroomBlock.cs", "weight": 0.0, "children": []}, {"size": "22", "name": "CakeBlock.cs", "weight": 0.0, "children": []}, {"size": "21", "name": "NoteBlock.cs", "weight": 0.0, "children": []}, {"size": "20", "name": "RedstoneLampActiveBlock.cs", "weight": 0.0, "children": []}, {"size": "19", "name": "FurnaceActiveBlock.cs", "weight": 0.0, "children": []}, {"size": "18", "name": "LeavesBlock.cs", "weight": 0.0, "children": []}, {"size": "18", "name": "LapisLazuliBlock.cs", "weight": 0.0, "children": []}, {"size": "18", "name": "LapisLazuliOreBlock.cs", "weight": 0.0, "children": []}, {"size": "18", "name": "SpongeBlock.cs", "weight": 0.0, "children": []}, {"size": "18", "name": "WaterFlowingBlock.cs", "weight": 0.0, "children": []}, {"size": "18", "name": "NetherrackBlock.cs", "weight": 0.0, "children": []}, {"size": "18", "name": "LavaFlowingBlock.cs", "weight": 0.0, "children": []}, {"size": "18", "name": "CobblestoneWallBlock.cs", "weight": 0.0, "children": []}, {"size": "18", "name": "MyceliumBlock.cs", "weight": 0.0, "children": []}, {"size": "18", "name": "LavaStillBlock.cs", "weight": 0.0, "children": []}, {"size": "18", "name": "SandstoneBlock.cs", "weight": 0.0, "children": []}, {"size": "18", "name": "WaterStillBlock.cs", "weight": 0.0, "children": []}, {"size": "18", "name": "EnchantmentTableBlock.cs", "weight": 0.0, "children": []}, {"size": "18", "name": "WoodenSlabBlock.cs", "weight": 0.0, "children": []}, {"size": "18", "name": "FenceBlock.cs", "weight": 0.0, "children": []}, {"size": "18", "name": "BrickBlock.cs", "weight": 0.0, "children": []}, {"size": "18", "name": "CobblestoneBlock.cs", "weight": 0.0, "children": []}, {"size": "18", "name": "MossyCobblestoneBlock.cs", "weight": 0.0, "children": []}, {"size": "18", "name": "JungleWoodStairBlock.cs", "weight": 0.0, "children": []}, {"size": "18", "name": "BrownMushroomBlock.cs", "weight": 0.0, "children": []}, {"size": "18", "name": "SoulSandBlock.cs", "weight": 0.0, "children": []}, {"size": "18", "name": "IronBarBlock.cs", "weight": 0.0, "children": []}, {"size": "18", "name": "PoweredRailBlock.cs", "weight": 0.0, "children": []}, {"size": "18", "name": "RedstoneLampBlock.cs", "weight": 0.0, "children": []}, {"size": "18", "name": "NetherBrickBlock.cs", "weight": 0.0, "children": []}, {"size": "18", "name": "CauldronBlock.cs", "weight": 0.0, "children": []}, {"size": "18", "name": "SpruceWoodStairBlock.cs", "weight": 0.0, "children": []}, {"size": "18", "name": "EndPortalFrameBlock.cs", "weight": 0.0, "children": []}, {"size": "18", "name": "GoldOreBlock.cs", "weight": 0.0, "children": []}, {"size": "18", "name": "YellowFlowerBlock.cs", "weight": 0.0, "children": []}, {"size": "18", "name": "NetherBrickFenceBlock.cs", "weight": 0.0, "children": []}, {"size": "18", "name": "EndStoneBlock.cs", "weight": 0.0, "children": []}, {"size": "18", "name": "LockedChestBlock.cs", "weight": 0.0, "children": []}, {"size": "18", "name": "WoodenButtonBlock.cs", "weight": 0.0, "children": []}, {"size": "18", "name": "PumpkinBlock.cs", "weight": 0.0, "children": []}, {"size": "18", "name": "WoodenPlanksBlock.cs", "weight": 0.0, "children": []}, {"size": "18", "name": "PistonHeadBlock.cs", "weight": 0.0, "children": []}, {"size": "18", "name": "JukeboxBlock.cs", "weight": 0.0, "children": []}, {"size": "18", "name": "SnowBlock.cs", "weight": 0.0, "children": []}, {"size": "18", "name": "PistonMovementBlock.cs", "weight": 0.0, "children": []}, {"size": "18", "name": "SlabBlock.cs", "weight": 0.0, "children": []}, {"size": "18", "name": "EndPortalBlock.cs", "weight": 0.0, "children": []}, {"size": "18", "name": "RailBlock.cs", "weight": 0.0, "children": []}, {"size": "18", "name": "GoldBlock.cs", "weight": 0.0, "children": []}, {"size": "18", "name": "OakStairBlock.cs", "weight": 0.0, "children": []}, {"size": "18", "name": "WoodenDoubleSlabBlock.cs", "weight": 0.0, "children": []}, {"size": "18", "name": "BedrockBlock.cs", "weight": 0.0, "children": []}, {"size": "18", "name": "DoubleSlabBlock.cs", "weight": 0.0, "children": []}, {"size": "18", "name": "StoneBrickBlock.cs", "weight": 0.0, "children": []}, {"size": "15", "name": "BrickStairBlock.cs", "weight": 0.0, "children": []}, {"size": "14", "name": "SandstoneStairBlock.cs", "weight": 0.0, "children": []}, {"size": "14", "name": "CobblestoneStairBlock.cs", "weight": 0.0, "children": []}, {"size": "14", "name": "TNTBlock.cs", "weight": 0.0, "children": []}, {"size": "14", "name": "NetherBrickStairBlock.cs", "weight": 0.0, "children": []}, {"size": "14", "name": "LilyPadBlock.cs", "weight": 0.0, "children": []}, {"size": "14", "name": "StoneBrickStairBlock.cs", "weight": 0.0, "children": []}, {"size": "14", "name": "RedstoneOreActiveBlock.cs", "weight": 0.0, "children": []}, {"size": "14", "name": "RedstoneRepeaterActiveBlock.cs", "weight": 0.0, "children": []}]}, {"size": "135", "name": "BoundingBox.cs", "weight": 0.0, "children": []}, {"name": "Generation", "children": [{"size": "125", "name": "FlatlandGenerator.cs", "weight": 0.0, "children": []}, {"size": "54", "name": "DebugGenerator.cs", "weight": 0.0, "children": []}, {"size": "14", "name": "IWorldGenerator.cs", "weight": 0.0, "children": []}]}, {"name": "NbtSerialization", "children": [{"size": "125", "name": "NbtSerializer.cs", "weight": 0.0, "children": []}, {"size": "16", "name": "TagNameAttribute.cs", "weight": 0.0, "children": []}, {"size": "10", "name": "NbtIgnoreAttribute.cs", "weight": 0.0, "children": []}, {"size": "9", "name": "IgnoreOnNullAttribute.cs", "weight": 0.0, "children": []}]}, {"size": "114", "name": "PlayerAbilities.cs", "weight": 0.0, "children": []}, {"size": "106", "name": "Ray.cs", "weight": 0.0, "children": []}, {"size": "95", "name": "Window.cs", "weight": 0.0, "children": []}, {"size": "88", "name": "SavedLevel.cs", "weight": 0.0, "children": []}, {"size": "87", "name": "Section.cs", "weight": 0.0, "children": []}, {"size": "84", "name": "World.Lighting.cs", "weight": 0.0, "children": []}, {"name": "Items", "children": [{"size": "80", "name": "ToolItem.cs", "weight": 0.0, "children": []}, {"size": "63", "name": "DyeItem.cs", "weight": 0.0, "children": []}, {"size": "39", "name": "AxeItem.cs", "weight": 0.0, "children": []}, {"size": "36", "name": "WoodenDoorItem.cs", "weight": 0.0, "children": []}, {"size": "33", "name": "IronDoorItem.cs", "weight": 0.0, "children": []}, {"size": "32", "name": "CarrotItem.cs", "weight": 0.0, "children": []}, {"size": "32", "name": "PotatoItem.cs", "weight": 0.0, "children": []}, {"size": "31", "name": "BucketItem.cs", "weight": 0.0, "children": []}, {"size": "31", "name": "SignItem.cs", "weight": 0.0, "children": []}, {"size": "31", "name": "BedItem.cs", "weight": 0.0, "children": []}, {"size": "31", "name": "ShearsItem.cs", "weight": 0.0, "children": []}, {"size": "29", "name": "GoldenHelmetItem.cs", "weight": 0.0, "children": []}, {"size": "29", "name": "LeatherLeggingsItem.cs", "weight": 0.0, "children": []}, {"size": "29", "name": "LeatherHelmetItem.cs", "weight": 0.0, "children": []}, {"size": "29", "name": "ChainBootsItem.cs", "weight": 0.0, "children": []}, {"size": "29", "name": "ChainHelmetItem.cs", "weight": 0.0, "children": []}, {"size": "29", "name": "GoldenLeggingsItem.cs", "weight": 0.0, "children": []}, {"size": "29", "name": "IronChestplateItem.cs", "weight": 0.0, "children": []}, {"size": "29", "name": "DiamondHelmetItem.cs", "weight": 0.0, "children": []}, {"size": "29", "name": "LeatherBootsItem.cs", "weight": 0.0, "children": []}, {"size": "29", "name": "ChainChestplateItem.cs", "weight": 0.0, "children": []}, {"size": "29", "name": "GoldenBootsItem.cs", "weight": 0.0, "children": []}, {"size": "29", "name": "GoldenChestplateItem.cs", "weight": 0.0, "children": []}, {"size": "29", "name": "IronLeggingsItem.cs", "weight": 0.0, "children": []}, {"size": "29", "name": "DiamondBootsItem.cs", "weight": 0.0, "children": []}, {"size": "29", "name": "LeatherChestplateItem.cs", "weight": 0.0, "children": []}, {"size": "29", "name": "ChainLeggingsItem.cs", "weight": 0.0, "children": []}, {"size": "29", "name": "DiamondLeggingsItem.cs", "weight": 0.0, "children": []}, {"size": "29", "name": "IronHelmetItem.cs", "weight": 0.0, "children": []}, {"size": "29", "name": "DiamondChestplateItem.cs", "weight": 0.0, "children": []}, {"size": "29", "name": "IronBootsItem.cs", "weight": 0.0, "children": []}, {"size": "27", "name": "WaterBucketItem.cs", "weight": 0.0, "children": []}, {"size": "27", "name": "FlintAndSteelItem.cs", "weight": 0.0, "children": []}, {"size": "27", "name": "LavaBucketItem.cs", "weight": 0.0, "children": []}, {"size": "27", "name": "ShovelItem.cs", "weight": 0.0, "children": []}, {"size": "26", "name": "ItemFrameItem.cs", "weight": 0.0, "children": []}, {"size": "25", "name": "MushroomStewItem.cs", "weight": 0.0, "children": []}, {"size": "23", "name": "NetherWartItem.cs", "weight": 0.0, "children": []}, {"size": "23", "name": "SeedsItem.cs", "weight": 0.0, "children": []}, {"size": "23", "name": "CakeItem.cs", "weight": 0.0, "children": []}, {"size": "22", "name": "GoldenCarrotItem.cs", "weight": 0.0, "children": []}, {"size": "22", "name": "BakedPotatoItem.cs", "weight": 0.0, "children": []}, {"size": "22", "name": "HoeItem.cs", "weight": 0.0, "children": []}, {"size": "22", "name": "CarrotOnStickItem.cs", "weight": 0.0, "children": []}, {"size": "22", "name": "PumpkinPieItem.cs", "weight": 0.0, "children": []}, {"size": "22", "name": "SugarCanesItem.cs", "weight": 0.0, "children": []}, {"size": "22", "name": "PoisonousPotatoItem.cs", "weight": 0.0, "children": []}, {"size": "21", "name": "GoldenAxeItem.cs", "weight": 0.0, "children": []}, {"size": "21", "name": "GoldenAppleItem.cs", "weight": 0.0, "children": []}, {"size": "21", "name": "BreadItem.cs", "weight": 0.0, "children": []}, {"size": "21", "name": "FishingRodItem.cs", "weight": 0.0, "children": []}, {"size": "21", "name": "SteakItem.cs", "weight": 0.0, "children": []}, {"size": "21", "name": "StonePickaxeItem.cs", "weight": 0.0, "children": []}, {"size": "21", "name": "GoldenPickaxeItem.cs", "weight": 0.0, "children": []}, {"size": "21", "name": "DiamondAxeItem.cs", "weight": 0.0, "children": []}, {"size": "21", "name": "WoodenHoeItem.cs", "weight": 0.0, "children": []}, {"size": "21", "name": "IronSwordItem.cs", "weight": 0.0, "children": []}, {"size": "21", "name": "DiamondHoeItem.cs", "weight": 0.0, "children": []}, {"size": "21", "name": "MelonSeedsItem.cs", "weight": 0.0, "children": []}, {"size": "21", "name": "CookedPorkchopItem.cs", "weight": 0.0, "children": []}, {"size": "21", "name": "IronAxeItem.cs", "weight": 0.0, "children": []}, {"size": "21", "name": "RawFishItem.cs", "weight": 0.0, "children": []}, {"size": "21", "name": "WoodenShovelItem.cs", "weight": 0.0, "children": []}, {"size": "21", "name": "CookieItem.cs", "weight": 0.0, "children": []}, {"size": "21", "name": "RawChickenItem.cs", "weight": 0.0, "children": []}, {"size": "21", "name": "RawBeefItem.cs", "weight": 0.0, "children": []}, {"size": "21", "name": "CookedFishItem.cs", "weight": 0.0, "children": []}, {"size": "21", "name": "StoneShovelItem.cs", "weight": 0.0, "children": []}, {"size": "21", "name": "GoldenHoeItem.cs", "weight": 0.0, "children": []}, {"size": "21", "name": "IronPickaxeItem.cs", "weight": 0.0, "children": []}, {"size": "21", "name": "BowItem.cs", "weight": 0.0, "children": []}, {"size": "21", "name": "MelonItem.cs", "weight": 0.0, "children": []}, {"size": "21", "name": "GoldenShovelItem.cs", "weight": 0.0, "children": []}, {"size": "21", "name": "IronShovelItem.cs", "weight": 0.0, "children": []}, {"size": "21", "name": "CookedChickenItem.cs", "weight": 0.0, "children": []}, {"size": "21", "name": "DiamondPickaxeItem.cs", "weight": 0.0, "children": []}, {"size": "21", "name": "StoneHoeItem.cs", "weight": 0.0, "children": []}, {"size": "21", "name": "WoodenSwordItem.cs", "weight": 0.0, "children": []}, {"size": "21", "name": "IronHoeItem.cs", "weight": 0.0, "children": []}, {"size": "21", "name": "SpiderEyeItem.cs", "weight": 0.0, "children": []}, {"size": "21", "name": "WoodenAxeItem.cs", "weight": 0.0, "children": []}, {"size": "21", "name": "CompassItem.cs", "weight": 0.0, "children": []}, {"size": "21", "name": "DiamondSwordItem.cs", "weight": 0.0, "children": []}, {"size": "21", "name": "DiamondShovelItem.cs", "weight": 0.0, "children": []}, {"size": "21", "name": "GoldenSwordItem.cs", "weight": 0.0, "children": []}, {"size": "21", "name": "PaintingItem.cs", "weight": 0.0, "children": []}, {"size": "21", "name": "StoneAxeItem.cs", "weight": 0.0, "children": []}, {"size": "21", "name": "WoodenPickaxeItem.cs", "weight": 0.0, "children": []}, {"size": "21", "name": "StoneSwordItem.cs", "weight": 0.0, "children": []}, {"size": "21", "name": "RottenFleshItem.cs", "weight": 0.0, "children": []}, {"size": "21", "name": "PumpkinSeedsItem.cs", "weight": 0.0, "children": []}, {"size": "21", "name": "RawPorkchopItem.cs", "weight": 0.0, "children": []}, {"size": "21", "name": "AppleItem.cs", "weight": 0.0, "children": []}, {"size": "21", "name": "ClockItem.cs", "weight": 0.0, "children": []}, {"size": "20", "name": "FlowerPotItem.cs", "weight": 0.0, "children": []}, {"size": "20", "name": "SkullItem.cs", "weight": 0.0, "children": []}, {"size": "19", "name": "CauldronItem.cs", "weight": 0.0, "children": []}, {"size": "19", "name": "RedstoneRepeaterItem.cs", "weight": 0.0, "children": []}, {"size": "19", "name": "BrewingStandItem.cs", "weight": 0.0, "children": []}, {"size": "19", "name": "RedstoneItem.cs", "weight": 0.0, "children": []}, {"size": "19", "name": "StringItem.cs", "weight": 0.0, "children": []}, {"size": "18", "name": "FireworkRocketItem.cs", "weight": 0.0, "children": []}, {"size": "18", "name": "PickaxeItem.cs", "weight": 0.0, "children": []}, {"size": "17", "name": "SaddleItem.cs", "weight": 0.0, "children": []}, {"size": "17", "name": "BoatItem.cs", "weight": 0.0, "children": []}, {"size": "17", "name": "MusicDiscItem.cs", "weight": 0.0, "children": []}, {"size": "17", "name": "MinecartWithChestItem.cs", "weight": 0.0, "children": []}, {"size": "17", "name": "MilkItem.cs", "weight": 0.0, "children": []}, {"size": "17", "name": "GlassBottleItem.cs", "weight": 0.0, "children": []}, {"size": "17", "name": "MinecartWithFurnaceItem.cs", "weight": 0.0, "children": []}, {"size": "17", "name": "MinecartItem.cs", "weight": 0.0, "children": []}, {"size": "17", "name": "EnderPearlItem.cs", "weight": 0.0, "children": []}, {"size": "17", "name": "EggItem.cs", "weight": 0.0, "children": []}, {"size": "15", "name": "FoodItem.cs", "weight": 0.0, "children": []}, {"size": "14", "name": "NetherStarItem.cs", "weight": 0.0, "children": []}, {"size": "14", "name": "SwordItem.cs", "weight": 0.0, "children": []}, {"size": "14", "name": "EnchantedBookItem.cs", "weight": 0.0, "children": []}, {"size": "14", "name": "FireworkStarItem.cs", "weight": 0.0, "children": []}, {"size": "13", "name": "PotionItem.cs", "weight": 0.0, "children": []}, {"size": "13", "name": "GunpowderItem.cs", "weight": 0.0, "children": []}, {"size": "13", "name": "SugarItem.cs", "weight": 0.0, "children": []}, {"size": "13", "name": "BoneItem.cs", "weight": 0.0, "children": []}, {"size": "13", "name": "GlisteringMelonItem.cs", "weight": 0.0, "children": []}, {"size": "13", "name": "IronIngotItem.cs", "weight": 0.0, "children": []}, {"size": "13", "name": "BowlItem.cs", "weight": 0.0, "children": []}, {"size": "13", "name": "SlimeballItem.cs", "weight": 0.0, "children": []}, {"size": "13", "name": "BottleOEnchantingItem.cs", "weight": 0.0, "children": []}, {"size": "13", "name": "FermentedSpiderEyeItem.cs", "weight": 0.0, "children": []}, {"size": "13", "name": "PaperItem.cs", "weight": 0.0, "children": []}, {"size": "13", "name": "BookAndQuillItem.cs", "weight": 0.0, "children": []}, {"size": "13", "name": "MagmaCreamItem.cs", "weight": 0.0, "children": []}, {"size": "13", "name": "FireChargeItem.cs", "weight": 0.0, "children": []}, {"size": "13", "name": "FlintItem.cs", "weight": 0.0, "children": []}, {"size": "13", "name": "LeatherItem.cs", "weight": 0.0, "children": []}, {"size": "13", "name": "WrittenBookItem.cs", "weight": 0.0, "children": []}, {"size": "13", "name": "EmeraldItem.cs", "weight": 0.0, "children": []}, {"size": "13", "name": "WheatItem.cs", "weight": 0.0, "children": []}, {"size": "13", "name": "GhastTearItem.cs", "weight": 0.0, "children": []}, {"size": "13", "name": "DiamondItem.cs", "weight": 0.0, "children": []}, {"size": "13", "name": "FeatherItem.cs", "weight": 0.0, "children": []}, {"size": "13", "name": "ClayItem.cs", "weight": 0.0, "children": []}, {"size": "13", "name": "MapItem.cs", "weight": 0.0, "children": []}, {"size": "13", "name": "StickItem.cs", "weight": 0.0, "children": []}, {"size": "13", "name": "MobEggItem.cs", "weight": 0.0, "children": []}, {"size": "13", "name": "GoldNuggetItem.cs", "weight": 0.0, "children": []}, {"size": "13", "name": "CoalItem.cs", "weight": 0.0, "children": []}, {"size": "13", "name": "BrickItem.cs", "weight": 0.0, "children": []}, {"size": "13", "name": "BookItem.cs", "weight": 0.0, "children": []}, {"size": "13", "name": "GoldIngotItem.cs", "weight": 0.0, "children": []}, {"size": "13", "name": "ArrowItem.cs", "weight": 0.0, "children": []}, {"size": "13", "name": "BlazeRodItem.cs", "weight": 0.0, "children": []}, {"size": "13", "name": "GlowstoneDustItem.cs", "weight": 0.0, "children": []}, {"size": "13", "name": "BlazePowderItem.cs", "weight": 0.0, "children": []}, {"size": "13", "name": "EyeOfEnderItem.cs", "weight": 0.0, "children": []}, {"size": "13", "name": "SnowballItem.cs", "weight": 0.0, "children": []}]}, {"size": "80", "name": "WindowArea.cs", "weight": 0.0, "children": []}, {"name": "Windows", "children": [{"size": "73", "name": "InventoryWindow.cs", "weight": 0.0, "children": []}, {"size": "50", "name": "ArmorWindowArea.cs", "weight": 0.0, "children": []}, {"size": "20", "name": "CraftingWindowArea.cs", "weight": 0.0, "children": []}]}, {"size": "50", "name": "TileEntity.cs", "weight": 0.0, "children": []}, {"size": "41", "name": "Chunk.Lighting.cs", "weight": 0.0, "children": []}, {"size": "33", "name": "Biome.cs", "weight": 0.0, "children": []}, {"size": "32", "name": "ChatColors.cs", "weight": 0.0, "children": []}, {"size": "25", "name": "NibbleArray.cs", "weight": 0.0, "children": []}, {"name": "Events", "children": [{"size": "19", "name": "WindowChangeEventArgs.cs", "weight": 0.0, "children": []}, {"size": "17", "name": "EntityDamageEventArgs.cs", "weight": 0.0, "children": []}, {"size": "16", "name": "EntityEventArgs.cs", "weight": 0.0, "children": []}, {"size": "15", "name": "EntityTerrainCollisionEventArgs.cs", "weight": 0.0, "children": []}, {"size": "12", "name": "InventoryChangedEventArgs.cs", "weight": 0.0, "children": []}]}, {"size": "19", "name": "IArmorItem.cs", "weight": 0.0, "children": []}, {"size": "19", "name": "Size.cs", "weight": 0.0, "children": []}, {"size": "18", "name": "DamageType.cs", "weight": 0.0, "children": []}, {"size": "17", "name": "BlockChangedEventArgs.cs", "weight": 0.0, "children": []}, {"size": "17", "name": "Extensions.cs", "weight": 0.0, "children": []}, {"size": "17", "name": "TimedBlockUpdate.cs", "weight": 0.0, "children": []}, {"name": "Properties", "children": [{"size": "15", "name": "AssemblyInfo.cs", "weight": 0.0, "children": []}]}, {"size": "12", "name": "Transparency.cs", "weight": 0.0, "children": []}, {"size": "11", "name": "IGrowableBlock.cs", "weight": 0.0, "children": []}]}, {"name": "Craft.Net.Server", "children": [{"size": "450", "name": "EntityManager.cs", "weight": 0.0, "children": []}, {"size": "413", "name": "MinecraftServer.cs", "weight": 0.0, "children": []}, {"name": "Handlers", "children": [{"size": "192", "name": "InteractionHandlers.cs", "weight": 0.0, "children": []}, {"size": "127", "name": "LoginHandlers.cs", "weight": 0.0, "children": []}, {"size": "118", "name": "InventoryHandlers.cs", "weight": 0.0, "children": []}, {"size": "86", "name": "PlayerMovementHandlers.cs", "weight": 0.0, "children": []}, {"size": "69", "name": "PacketHandlers.cs", "weight": 0.0, "children": []}]}, {"size": "178", "name": "MinecraftClient.cs", "weight": 0.926829268292683, "children": []}, {"size": "137", "name": "LogProvider.cs", "weight": 0.0, "children": []}, {"size": "96", "name": "Craft.Net.Server.csproj", "weight": 1.0, "children": []}, {"size": "74", "name": "ChunkHelper.cs", "weight": 0.0, "children": []}, {"name": "Channels", "children": [{"size": "44", "name": "TexturePackChannel.cs", "weight": 0.0, "children": []}]}, {"size": "31", "name": "ServerSettings.cs", "weight": 0.0, "children": []}, {"size": "30", "name": "WeatherManager.cs", "weight": 0.0, "children": []}, {"name": "Events", "children": [{"size": "26", "name": "PlayerDeathEventArgs.cs", "weight": 0.0, "children": []}, {"size": "20", "name": "PlayerLogInEventArgs.cs", "weight": 0.0, "children": []}, {"size": "20", "name": "PacketEventArgs.cs", "weight": 0.0, "children": []}, {"size": "16", "name": "ChatMessageEventArgs.cs", "weight": 0.0, "children": []}]}, {"size": "25", "name": "FileLogWriter.cs", "weight": 0.0, "children": []}, {"size": "20", "name": "PluginChannel.cs", "weight": 0.0, "children": []}, {"size": "19", "name": "ConsoleLogWriter.cs", "weight": 0.0, "children": []}, {"size": "13", "name": "ILogProvider.cs", "weight": 0.0, "children": []}, {"size": "12", "name": "PacketContext.cs", "weight": 0.0, "children": []}, {"size": "10", "name": "AssemblyInfo.cs", "weight": 0.0, "children": []}]}, {"name": "TestServer", "children": [{"size": "139", "name": "Main.cs", "weight": 0.0, "children": []}, {"size": "54", "name": "TestServer.csproj", "weight": 0.0, "children": []}, {"size": "11", "name": "AssemblyInfo.cs", "weight": 0.0, "children": []}]}, {"name": "Craft.Net.Client", "children": [{"size": "137", "name": "LogProvider.cs", "weight": 0.0, "children": []}, {"size": "119", "name": "MinecraftClient.cs", "weight": 0.0, "children": []}, {"size": "83", "name": "PKCSKeyGenerator.cs", "weight": 0.0, "children": []}, {"size": "73", "name": "Craft.Net.Client.csproj", "weight": 0.0, "children": []}, {"size": "65", "name": "LastLogin.cs", "weight": 0.0, "children": []}, {"name": "Handlers", "children": [{"size": "63", "name": "LoginHandlers.cs", "weight": 0.0, "children": []}, {"size": "32", "name": "PacketHandlers.cs", "weight": 0.0, "children": []}, {"size": "30", "name": "EntityHandlers.cs", "weight": 0.0, "children": []}]}, {"size": "60", "name": "MinecraftClient.Properties.cs", "weight": 0.0, "children": []}, {"size": "44", "name": "Session.cs", "weight": 0.0, "children": []}, {"size": "37", "name": "ServerPing.cs", "weight": 0.0, "children": []}, {"size": "31", "name": "MinecraftClient.Events.cs", "weight": 0.0, "children": []}, {"size": "25", "name": "FileLogWriter.cs", "weight": 0.0, "children": []}, {"size": "19", "name": "ConsoleLogWriter.cs", "weight": 0.0, "children": []}, {"name": "Events", "children": [{"size": "18", "name": "EntitySpawnEventArgs.cs", "weight": 0.0, "children": []}, {"size": "15", "name": "ChatMessageEventArgs.cs", "weight": 0.0, "children": []}, {"size": "15", "name": "DisconnectEventArgs.cs", "weight": 0.0, "children": []}]}, {"name": "Properties", "children": [{"size": "15", "name": "AssemblyInfo.cs", "weight": 0.0, "children": []}]}, {"size": "13", "name": "ILogProvider.cs", "weight": 0.0, "children": []}]}, {"name": "Craft.Net.Data.Test", "children": [{"size": "124", "name": "ItemTest.cs", "weight": 0.0, "children": []}, {"size": "111", "name": "Craft.Net.Data.Test.csproj", "weight": 0.0, "children": []}, {"size": "96", "name": "EntityTest.cs", "weight": 0.0, "children": []}, {"size": "61", "name": "WorldTest.cs", "weight": 0.0, "children": []}, {"size": "31", "name": "NbtTest.cs", "weight": 0.0, "children": []}, {"size": "30", "name": "MetadataTest.cs", "weight": 0.0, "children": []}, {"size": "18", "name": "DataUtilityTest.cs", "weight": 0.0, "children": []}, {"size": "16", "name": "LightingTest.cs", "weight": 0.0, "children": []}, {"name": "Properties", "children": [{"size": "15", "name": "AssemblyInfo.cs", "weight": 0.0, "children": []}]}]}, {"name": "Craft.Net.Server.Test", "children": [{"size": "87", "name": "PacketTests.cs", "weight": 0.0, "children": []}, {"size": "71", "name": "Craft.Net.Server.Test.csproj", "weight": 0.0, "children": []}, {"name": "Properties", "children": [{"size": "15", "name": "AssemblyInfo.cs", "weight": 0.0, "children": []}]}]}, {"name": "TestClient", "children": [{"size": "76", "name": "Program.cs", "weight": 0.0, "children": []}, {"size": "66", "name": "TestClient.csproj", "weight": 0.0, "children": []}, {"name": "Properties", "children": [{"size": "15", "name": "AssemblyInfo.cs", "weight": 0.0, "children": []}]}, {"size": "6", "name": "App.config", "weight": 0.0, "children": []}]}]}
