{"name": "root", "children": [{"name": "lib", "children": [{"size": "10871", "name": "nunit.framework.xml", "weight": 0.0, "children": []}]}, {"name": "source", "children": [{"name": "Craft.Net.Networking", "children": [{"size": "2985", "name": "Packets.cs", "weight": 0.0, "children": []}, {"size": "227", "name": "ChatTransciever.cs", "weight": 0.0, "children": []}, {"size": "226", "name": "NetworkManager.cs", "weight": 0.0, "children": []}, {"size": "114", "name": "PacketLogger.cs", "weight": 0.0, "children": []}, {"size": "86", "name": "AesStream.cs", "weight": 0.0, "children": []}, {"size": "80", "name": "ServerStatus.cs", "weight": 0.0, "children": []}, {"size": "74", "name": "Craft.Net.Networking.csproj", "weight": 0.0, "children": []}, {"size": "57", "name": "BufferedStream.cs", "weight": 0.0, "children": []}, {"size": "15", "name": "Extensions.cs", "weight": 0.0, "children": []}, {"name": "Properties", "children": [{"size": "15", "name": "AssemblyInfo.cs", "weight": 0.0, "children": []}]}, {"size": "11", "name": "NetworkMode.cs", "weight": 0.0, "children": []}, {"size": "9", "name": "PacketDirection.cs", "weight": 0.0, "children": []}]}, {"name": "Craft.Net.Common", "children": [{"size": "1381", "name": "Cryptography.cs", "weight": 0.0, "children": []}, {"size": "344", "name": "Coordinates.cs", "weight": 0.0, "children": []}, {"size": "320", "name": "MinecraftStream.cs", "weight": 0.0, "children": []}, {"size": "235", "name": "Vector3.cs", "weight": 0.0, "children": []}, {"size": "200", "name": "ItemStack.cs", "weight": 0.0, "children": []}, {"size": "181", "name": "MathHelper.cs", "weight": 0.0, "children": []}, {"size": "176", "name": "SoundEffect.cs", "weight": 0.0, "children": []}, {"size": "150", "name": "BoundingBox.cs", "weight": 0.0, "children": []}, {"size": "106", "name": "Ray.cs", "weight": 0.0, "children": []}, {"size": "83", "name": "Craft.Net.Common.csproj", "weight": 0.0, "children": []}, {"size": "70", "name": "GameRules.cs", "weight": 0.0, "children": []}, {"size": "69", "name": "MetadataDictionary.cs", "weight": 0.0, "children": []}, {"size": "51", "name": "MetadataEntry.cs", "weight": 0.0, "children": []}, {"size": "48", "name": "MinecraftStream.Stream.cs", "weight": 0.0, "children": []}, {"size": "46", "name": "MetadataSlot.cs", "weight": 0.0, "children": []}, {"size": "44", "name": "ParticleEffect.cs", "weight": 0.0, "children": []}, {"size": "43", "name": "RuntimeInfo.cs", "weight": 0.0, "children": []}, {"size": "35", "name": "MetadataString.cs", "weight": 0.0, "children": []}, {"size": "33", "name": "Biome.cs", "weight": 0.0, "children": []}, {"size": "30", "name": "MetadataShort.cs", "weight": 0.0, "children": []}, {"size": "30", "name": "MetadataInt.cs", "weight": 0.0, "children": []}, {"size": "30", "name": "MetadataFloat.cs", "weight": 0.0, "children": []}, {"size": "29", "name": "MetadataByte.cs", "weight": 0.0, "children": []}, {"size": "25", "name": "Size.cs", "weight": 0.0, "children": []}, {"name": "Properties", "children": [{"size": "15", "name": "AssemblyInfo.cs", "weight": 0.0, "children": []}]}, {"size": "13", "name": "BlockFace.cs", "weight": 0.0, "children": []}, {"size": "10", "name": "Difficulty.cs", "weight": 0.0, "children": []}, {"size": "9", "name": "GameMode.cs", "weight": 0.0, "children": []}, {"size": "9", "name": "Dimension.cs", "weight": 0.0, "children": []}]}, {"name": "Craft.Net.Server", "children": [{"size": "443", "name": "MinecraftServer.cs", "weight": 0.0, "children": []}, {"name": "Handlers", "children": [{"size": "241", "name": "InventoryHandler.cs", "weight": 0.0, "children": []}, {"size": "160", "name": "InteractionHandlers.cs", "weight": 0.0, "children": []}, {"size": "154", "name": "LoginHandlers.cs", "weight": 0.6176470588235294, "children": []}, {"size": "84", "name": "PlayerMovementHandlers.cs", "weight": 0.0, "children": []}, {"size": "72", "name": "PacketHandlers.cs", "weight": 0.7058823529411764, "children": []}]}, {"size": "218", "name": "RemoteClient.cs", "weight": 1.0, "children": []}, {"size": "189", "name": "EntityManager.cs", "weight": 0.6029411764705882, "children": []}, {"size": "116", "name": "ExtensionMethods.cs", "weight": 0.0, "children": []}, {"size": "99", "name": "Craft.Net.Server.csproj", "weight": 0.6911764705882353, "children": []}, {"size": "74", "name": "ChunkHelper.cs", "weight": 0.0, "children": []}, {"size": "69", "name": "PlayerManager.cs", "weight": 0.0, "children": []}, {"name": "Channels", "children": [{"size": "44", "name": "ServerPingChannel.cs", "weight": 0.0, "children": []}, {"size": "43", "name": "TexturePackChannel.cs", "weight": 0.0, "children": []}, {"size": "20", "name": "PluginChannel.cs", "weight": 0.0, "children": []}]}, {"size": "33", "name": "ServerSettings.cs", "weight": 0.0, "children": []}, {"size": "24", "name": "ClientSettings.cs", "weight": 0.0, "children": []}, {"name": "Events", "children": [{"size": "20", "name": "PlayerLogInEventArgs.cs", "weight": 0.0, "children": []}, {"size": "19", "name": "TabCompleteEventArgs.cs", "weight": 0.0, "children": []}, {"size": "17", "name": "ChatMessageEventArgs.cs", "weight": 0.0, "children": []}, {"size": "16", "name": "ConnectionEstablishedEventArgs.cs", "weight": 0.0, "children": []}]}, {"name": "Properties", "children": [{"size": "15", "name": "AssemblyInfo.cs", "weight": 0.0, "children": []}]}]}, {"name": "Classic", "children": [{"name": "Craft.Net.Classic.Networking", "children": [{"size": "424", "name": "Packets.cs", "weight": 0.0, "children": []}, {"size": "289", "name": "PacketReader.cs", "weight": 0.0, "children": []}, {"size": "46", "name": "Craft.Net.Classic.Networking.csproj", "weight": 0.0, "children": []}, {"name": "Properties", "children": [{"size": "11", "name": "AssemblyInfo.cs", "weight": 0.0, "children": []}]}]}, {"name": "Craft.Net.Classic.Common", "children": [{"size": "88", "name": "MinecraftStream.cs", "weight": 0.0, "children": []}, {"size": "58", "name": "BufferedStream.cs", "weight": 0.0, "children": []}, {"size": "45", "name": "MinecraftStream.Stream.cs", "weight": 0.0, "children": []}, {"size": "41", "name": "Craft.Net.Classic.Common.csproj", "weight": 0.0, "children": []}, {"name": "Properties", "children": [{"size": "11", "name": "AssemblyInfo.cs", "weight": 0.0, "children": []}]}]}]}, {"name": "Craft.Net.Physics", "children": [{"size": "350", "name": "PhysicsEngine.cs", "weight": 0.0, "children": []}, {"size": "64", "name": "Craft.Net.Physics.csproj", "weight": 0.0, "children": []}, {"size": "17", "name": "IPhysicsEntity.cs", "weight": 0.0, "children": []}, {"name": "Properties", "children": [{"size": "15", "name": "AssemblyInfo.cs", "weight": 0.0, "children": []}]}, {"size": "14", "name": "IAABBEntity.cs", "weight": 0.0, "children": []}, {"size": "10", "name": "IBlockPhysicsProvider.cs", "weight": 0.0, "children": []}]}, {"name": "Craft.Net.Anvil", "children": [{"size": "275", "name": "Level.cs", "weight": 0.5294117647058824, "children": []}, {"size": "275", "name": "Chunk.cs", "weight": 0.0, "children": []}, {"size": "234", "name": "Region.cs", "weight": 0.0, "children": []}, {"size": "210", "name": "World.cs", "weight": 0.0, "children": []}, {"size": "106", "name": "Section.cs", "weight": 0.0, "children": []}, {"size": "82", "name": "Craft.Net.Anvil.csproj", "weight": 0.0, "children": []}, {"size": "58", "name": "NibbleArray.cs", "weight": 0.0, "children": []}, {"size": "43", "name": "RuntimeInfo.cs", "weight": 0.0, "children": []}, {"size": "28", "name": "TileEntity.cs", "weight": 0.0, "children": []}, {"size": "26", "name": "UnrecognizedEntity.cs", "weight": 0.0, "children": []}, {"size": "16", "name": "BlockChangeEventArgs.cs", "weight": 0.0, "children": []}, {"size": "15", "name": "SpawnEntityEventArgs.cs", "weight": 0.0, "children": []}, {"size": "14", "name": "IWorldGenerator.cs", "weight": 0.0, "children": []}, {"size": "13", "name": "IDiskEntity.cs", "weight": 0.0, "children": []}]}, {"name": "Craft.Net.Logic", "children": [{"size": "236", "name": "Block.cs", "weight": 0.0, "children": []}, {"size": "117", "name": "Item.cs", "weight": 0.0, "children": []}, {"size": "113", "name": "PlayerAbilities.cs", "weight": 0.0, "children": []}, {"size": "106", "name": "Craft.Net.Logic.csproj", "weight": 0.0, "children": []}, {"name": "Windows", "children": [{"size": "102", "name": "Window.cs", "weight": 0.0, "children": []}, {"size": "81", "name": "WindowArea.cs", "weight": 0.0, "children": []}, {"size": "70", "name": "InventoryWindow.cs", "weight": 0.0, "children": []}, {"size": "40", "name": "ArmorWindowArea.cs", "weight": 0.0, "children": []}, {"size": "21", "name": "CraftingWindowArea.cs", "weight": 0.0, "children": []}, {"size": "20", "name": "WindowChangeEventArgs.cs", "weight": 0.0, "children": []}]}, {"size": "97", "name": "PlayerEntity.cs", "weight": 0.0, "children": []}, {"size": "96", "name": "ItemEntity.cs", "weight": 0.0, "children": []}, {"size": "89", "name": "Entity.cs", "weight": 0.0, "children": []}, {"name": "Blocks", "children": [{"size": "68", "name": "LadderBlock.cs", "weight": 0.0, "children": []}, {"size": "31", "name": "DecorativeGrassBlock.cs", "weight": 0.0, "children": []}, {"size": "31", "name": "FlowerBlock.cs", "weight": 0.0, "children": []}, {"size": "18", "name": "WheatBlock.cs", "weight": 0.0, "children": []}, {"size": "18", "name": "AirBlock.cs", "weight": 0.0, "children": []}, {"size": "16", "name": "GrassBlock.cs", "weight": 0.0, "children": []}, {"size": "15", "name": "DirtBlock.cs", "weight": 0.0, "children": []}]}, {"name": "Items", "children": [{"size": "46", "name": "PickaxeItem.cs", "weight": 0.0, "children": []}, {"size": "15", "name": "FlintAndSteelItem.cs", "weight": 0.0, "children": []}]}, {"size": "46", "name": "LivingEntity.cs", "weight": 0.0, "children": []}, {"size": "39", "name": "WorldExtensions.cs", "weight": 0.0, "children": []}, {"size": "25", "name": "ItemAttribute.cs", "weight": 0.0, "children": []}, {"size": "23", "name": "BlockAttribute.cs", "weight": 0.0, "children": []}, {"size": "18", "name": "BlockInfo.cs", "weight": 0.0, "children": []}, {"name": "Properties", "children": [{"size": "15", "name": "AssemblyInfo.cs", "weight": 0.0, "children": []}]}, {"size": "15", "name": "EntityEventArgs.cs", "weight": 0.0, "children": []}, {"size": "14", "name": "ItemInfo.cs", "weight": 0.0, "children": []}, {"size": "13", "name": "ToolType.cs", "weight": 0.0, "children": []}, {"size": "12", "name": "ObjectEntity.cs", "weight": 0.0, "children": []}, {"size": "12", "name": "ItemMaterial.cs", "weight": 0.0, "children": []}]}, {"name": "Craft.Net.Client", "children": [{"size": "228", "name": "MinecraftClient.cs", "weight": 0.0, "children": []}, {"size": "156", "name": "Session.cs", "weight": 0.0, "children": []}, {"size": "124", "name": "ReadOnlyWorld.cs", "weight": 0.0, "children": []}, {"size": "96", "name": "Craft.Net.Client.csproj", "weight": 0.0, "children": []}, {"name": "Handlers", "children": [{"size": "90", "name": "WorldHandlers.cs", "weight": 0.0, "children": []}, {"size": "67", "name": "LoginHandlers.cs", "weight": 0.0, "children": []}, {"size": "32", "name": "StateHandlers.cs", "weight": 0.0, "children": []}, {"size": "32", "name": "EntityHandlers.cs", "weight": 0.0, "children": []}, {"size": "27", "name": "PacketHandlers.cs", "weight": 0.0, "children": []}, {"size": "13", "name": "ChatHandler.cs", "weight": 0.0, "children": []}]}, {"size": "81", "name": "PKCSKeyGenerator.cs", "weight": 0.0, "children": []}, {"size": "78", "name": "MinecraftClient.Physics.cs", "weight": 0.0, "children": []}, {"size": "76", "name": "ServerList.cs", "weight": 0.0, "children": []}, {"size": "69", "name": "MinecraftClient.Actions.cs", "weight": 0.0, "children": []}, {"size": "65", "name": "MinecraftClient.Properties.cs", "weight": 0.0, "children": []}, {"size": "61", "name": "LastLogin.cs", "weight": 0.0, "children": []}, {"size": "43", "name": "ServerPing.cs", "weight": 0.0, "children": []}, {"name": "Events", "children": [{"size": "26", "name": "HealthAndFoodEventArgs.cs", "weight": 0.0, "children": []}, {"size": "18", "name": "EntitySpawnEventArgs.cs", "weight": 0.0, "children": []}, {"size": "16", "name": "ChatMessageEventArgs.cs", "weight": 0.0, "children": []}, {"size": "15", "name": "DisconnectEventArgs.cs", "weight": 0.0, "children": []}]}, {"size": "17", "name": "DotMinecraft.cs", "weight": 0.0, "children": []}, {"name": "Properties", "children": [{"size": "11", "name": "AssemblyInfo.cs", "weight": 0.0, "children": []}]}]}, {"name": "Craft.Net.TerrainGeneration", "children": [{"size": "134", "name": "StandardGenerator.cs", "weight": 0.0, "children": []}, {"size": "116", "name": "FlatlandGenerator.cs", "weight": 0.0, "children": []}, {"size": "76", "name": "Noise.cs", "weight": 0.0, "children": []}, {"size": "63", "name": "Craft.Net.TerrainGeneration.csproj", "weight": 0.0, "children": []}, {"name": "Properties", "children": [{"size": "15", "name": "AssemblyInfo.cs", "weight": 0.0, "children": []}]}]}, {"name": "Test", "children": [{"name": "Craft.Net.Anvil.Test", "children": [{"size": "111", "name": "Craft.Net.Anvil.Test.csproj", "weight": 0.0, "children": []}, {"size": "54", "name": "WorldTest.cs", "weight": 0.0, "children": []}, {"size": "22", "name": "LevelTest.cs", "weight": 0.0, "children": []}, {"name": "Properties", "children": [{"size": "15", "name": "AssemblyInfo.cs", "weight": 0.0, "children": []}]}]}, {"name": "Craft.Net.Networking.Test", "children": [{"size": "101", "name": "NbtTest.cs", "weight": 0.0, "children": []}, {"size": "59", "name": "Craft.Net.Networking.Test.csproj", "weight": 0.0, "children": []}, {"size": "29", "name": "CryptoTest.cs", "weight": 0.0, "children": []}, {"name": "Properties", "children": [{"size": "15", "name": "AssemblyInfo.cs", "weight": 0.0, "children": []}]}]}, {"name": "TestServer", "children": [{"size": "83", "name": "TestServer.csproj", "weight": 0.0, "children": []}, {"size": "57", "name": "Program.cs", "weight": 0.5735294117647058, "children": []}, {"name": "Properties", "children": [{"size": "15", "name": "AssemblyInfo.cs", "weight": 0.0, "children": []}]}]}, {"name": "TestClient", "children": [{"size": "73", "name": "Program.cs", "weight": 0.0, "children": []}, {"size": "64", "name": "TestClient.csproj", "weight": 0.0, "children": []}, {"name": "Properties", "children": [{"size": "11", "name": "AssemblyInfo.cs", "weight": 0.0, "children": []}]}]}]}, {"name": "Craft.Net.Entities", "children": [{"size": "68", "name": "Craft.Net.Entities.csproj", "weight": 0.0, "children": []}, {"name": "Properties", "children": [{"size": "15", "name": "AssemblyInfo.cs", "weight": 0.0, "children": []}]}]}]}]}
